"FKName","FromSchema","FromTable","FromColumn",ToSchema,ToTable,"ToColumn"
"FK__Adelanto__Moneda__5F14E4AF",dbo,"Adelanto","MonedaId",dbo,"Monedas","idMoneda"
"FK__Adelanto__Usuari__60FD2D21",dbo,"Adelanto","UsuarioCreacionId",dbo,"Usuarios","idUsuario"
"FK__Adelanto__Usuari__61F1515A",dbo,"Adelanto","UsuarioEliminacionId",dbo,"Usuarios","idUsuario"
"FK__Adelanto__Vended__600908E8",dbo,"Adelanto","VendedorId",dbo,"Vendedores","idVendedor"
"FK_AjusteSaldo_ClienteId",dbo,AjusteSaldo,"ClienteId",dbo,"Clientes","idCliente"
"FK_AjusteSaldo_Cobranza",dbo,AjusteSaldo,"CobranzaId",dbo,"Cobranzas",Id
"FK_AjusteSaldo_ConceptoId",dbo,AjusteSaldo,"ConceptoId",dbo,"AjusteSaldoConcepto",Id
"FK_AjusteSaldo_MonedaId",dbo,AjusteSaldo,"MonedaId",dbo,"Monedas","idMoneda"
"FK_AjusteSaldo_ProveedorId",dbo,AjusteSaldo,"ProveedorId",dbo,"Proveedores","idProveedor"
"FK_AjusteSaldo_Sucursal",dbo,AjusteSaldo,"SucursalId",dbo,"Sucursales",id
"FK_AjusteSaldoConcepto_CuentasContablesId",dbo,"AjusteSaldoConcepto","CuentasContablesId",dbo,"CuentasContables","CuentasContablesId"
FK__AjusteSto__Depos__108157BA,dbo,AjusteStock,DepositoId,dbo,Depositos,idDeposito
"FK__AjusteSto__idPro__61F08603",dbo,AjusteStock,"idProducto",dbo,"Productos","idProducto"
"FK_AjusteStock_Sucursales",dbo,AjusteStock,"SucursalId",dbo,"Sucursales",id
"FK__ArchivosC__Nombr__4E697B9A",dbo,"ArchivosClientes","Clienteid",dbo,"Clientes","idCliente"
"FK_AsientosDetalles_Asientos",dbo,"AsientosDetalles","AsientoId",dbo,"Asientos",Id
"FK_AsientosTiposDetalles_AsientosTipos",dbo,"AsientosTiposDetalles","AsientoTipoId",dbo,"AsientosTipos",Id
"_TerminalesPos",dbo,"CajasTerminalesPos","TerminalPosId",dbo,"TerminalesPos",Id
"FK_CajasTerminalesPos_Caja",dbo,"CajasTerminalesPos",CajaId,dbo,Cajas,idCaja
"FK__Categoria__idImp__442B18F2",dbo,"CategoriasFiscales",idImpuesto,dbo,Impuestos,id
"FK__Categoria__idImp__4242D080",dbo,"CategoriasImpositivas",idImpuesto,dbo,Impuestos,id
"FK_CategoriasProducto_CategoriasMercadoLibre",dbo,"CategoriasProducto","CategoriaMercadoLibreId",dbo,"CategoriasMercadoLibre",Id
"FK__Cheques__IdBanco__2E7BCEF5",dbo,Cheques,"IdBanco",dbo,"Bancos",Id
"FK__cheques__idMoned__7B5B524B",dbo,Cheques,"idMoneda",dbo,"Monedas","idMoneda"
"FK_Cheques_CuentasBancarias",dbo,Cheques,"idCuentaBancariaDeposito",dbo,"CuentasBancarias","idCuenta"
FK_Cheques_MedioPago,dbo,Cheques,MedioPagoId,dbo,MediosPago,idMedioPago
"FK__CierreCaj__CajaI__3B0C8E63",dbo,"CierreCaja",CajaId,dbo,Cajas,idCaja
"FK__CierreCaj__Usuar__3C00B29C",dbo,"CierreCaja","UsuarioId",dbo,"Usuarios","idUsuario"
FK__ciudades__idDepa__2B3F6F97,dbo,Ciudades,"idDepartamento",dbo,"Departamentos","idDepartamento"
"FK__clientes__idCat__4BAC3F29",dbo,"Clientes",idCat,dbo,"CategoriasCliente",idCat
"FK__clientes__idCiud__49C3F6B7",dbo,"Clientes",idCiudad,dbo,Ciudades,idCiudad
"FK__clientes__idPais__4AB81AF0",dbo,"Clientes",idPais,dbo,Paises,idPais
"FK__clientes__idTipo__48CFD27E",dbo,"Clientes",idTipoDoc,dbo,TipoDocId,idTipoDocId
"FK__Clientes__IdUsua__371114F6",dbo,"Clientes","IdUsuarioCliente",dbo,"ClientesUsuarios",Id
"FK_Clientes_CanalesCaptacion",dbo,"Clientes","CanalCaptacionId",dbo,"ClientesCanalesCaptacion",Id
"FK_Clientes_CategoriasFiscales",dbo,"Clientes",CatFiscalCodigo,dbo,"CategoriasFiscales",Codigo
"FK_Clientes_Convenios",dbo,"Clientes","ConvenioId",dbo,"Convenios",Id
"FK_Clientes_Especialista",dbo,"Clientes",EspecialistaId,dbo,"Doctor",Id
"FK_Clientes_ListaPrecios",dbo,"Clientes","ListaPreciosId",dbo,"ListaPrecios",Id
"FK_Clientes_VendedorAgendado",dbo,"Clientes","VendedorAgendadoId",dbo,"Vendedores","idVendedor"
"FK_ClientesFechaPago_Clientes",dbo,"ClientesFechaPago","ClienteId",dbo,"Clientes","idCliente"
"FK__ClientesO__Clien__7B4643B2",dbo,"ClientesObservaciones","ClienteId",dbo,"Clientes","idCliente"
"FK_ClientesServicios_Cliente",dbo,"ClientesServicios","ClienteId",dbo,"Clientes","idCliente"
"FK_ClientesServicios_Moneda",dbo,"ClientesServicios","MonedaId",dbo,"Monedas","idMoneda"
"FK_ClientesServicios_Producto",dbo,"ClientesServicios","ProductoId",dbo,"Productos","idProducto"
"FK_ClientesServicios_SucursalId",dbo,"ClientesServicios","SucursalId",dbo,"Sucursales",id
"FK_Cliente_ClienteSucursales",dbo,"ClienteSucursales","ClienteId",dbo,"Clientes","idCliente"
"FK_ClientesSucursales_FranquiciaId",dbo,"ClienteSucursales","FranquiciaId",dbo,"ClienteSucursales","ClienteSucursalId"
"FK_CobranzaOrdenDescuento_Cobranza",dbo,"CobranzaOrdenDescuento","CobranzaId",dbo,"Cobranzas",Id
"FK_CobranzaOrdenDescuento_OrdenesTrabajoOrdenesDescuento",dbo,"CobranzaOrdenDescuento","OrdenTrabajoOrdenDescuentoId",dbo,"OrdenesTrabajoOrdenesDescuento",Id
"FK__cobranza__idMon__6D0D32F4",dbo,"Cobranzas","MonedaId",dbo,"Monedas","idMoneda"
"FK__Cobranzas__CajaI__5EDF0F2E",dbo,"Cobranzas",CajaId,dbo,Cajas,idCaja
"FK__Cobranzas__Venta__07EC11B9",dbo,"Cobranzas","VentaId",dbo,"Ventas",Id
"FK_Cobranzas_AsientoContable",dbo,"Cobranzas","AsientoContableId",dbo,"Asientos",Id
"FK_Cobranzas_OrdenTrabajo",dbo,"Cobranzas","OrdenTrabajoId",dbo,"OrdenesTrabajo",Id
"FK_Cobranzas_SucursalId",dbo,"Cobranzas","SucursalId",dbo,"Sucursales",id
"FK_Cobranzas_Usuario",dbo,"Cobranzas","UsuarioId",dbo,"Usuarios","idUsuario"
"FK_CobranzasMediosPago_Cobranzas",dbo,"CobranzasMediosPago","CobranzaId",dbo,"Cobranzas",Id
"FK_CobranzasMediosPago_CuentasBancarias",dbo,"CobranzasMediosPago","CuentaBancariaId",dbo,"CuentasBancarias","idCuenta"
"FK_CobranzasMediosPago_MediosPago",dbo,"CobranzasMediosPago",MedioPagoId,dbo,MediosPago,idMedioPago
"FK_CobranzasMediosPago_Monedas",dbo,"CobranzasMediosPago","MonedaId",dbo,"Monedas","idMoneda"
"FK__combos__idProduc__68487DD7",dbo,Combos,"idProducto",dbo,"Productos","idProducto"
"FK__Compras__CajaId__1DD065E0",dbo,"Compras",CajaId,dbo,Cajas,idCaja
"FK__Compras__Deposit__0E990F48",dbo,"Compras",DepositoId,dbo,Depositos,idDeposito
"FK__Compras__MonedaI__1CDC41A7",dbo,"Compras","MonedaId",dbo,"Monedas","idMoneda"
"FK__Compras__Proveed__74994623",dbo,"Compras","ProveedorId",dbo,"Proveedores","idProveedor"
"FK_Compras_Asientos",dbo,"Compras","AsientoContableId",dbo,"Asientos",Id
"FK_Compras_Sucursales",dbo,"Compras","SucursalId",dbo,"Sucursales",id
"FK_ComprasGastos_Compra",dbo,"ComprasCostos","CompraId",dbo,"Compras",Id
"FK_ComprasGastos_CompraGasto",dbo,"ComprasCostos","CompraCostoId",dbo,"Compras",Id
"FK__ComprasLi__Compr__22951AFD",dbo,"ComprasLineas","CompraId",dbo,"Compras",Id
"FK__ComprasLi__Produ__23893F36",dbo,"ComprasLineas","ProductoId",dbo,"Productos","idProducto"
"FK__CompraGas__Compr__42639768",dbo,"ComprasLineasCosto","CompraId",dbo,"Compras",Id
"FK__CompraGas__Gasto__444BDFDA",dbo,"ComprasLineasCosto",CostoId,dbo,"Compras",Id
"FK__CompraGas__Produ__4357BBA1",dbo,"ComprasLineasCosto","ProductoId",dbo,"Productos","idProducto"
"FK__ComprasLi__Compr__503CB573",dbo,"ComprasLineasReferenciaDescuento","CompraLineaId",dbo,"ComprasLineas",Id
"FK__ComprasLi__Moned__5130D9AC",dbo,"ComprasLineasReferenciaDescuento","MonedaId",dbo,"Monedas","idMoneda"
"FK__ComprasMe__Compr__2D12A970",dbo,"ComprasMediosPago","CompraId",dbo,"Compras",Id
"FK__ComprasMe__Medio__2E06CDA9",dbo,"ComprasMediosPago",MedioPagoId,dbo,MediosPago,idMedioPago
"FK__ComprasMe__Moned__2EFAF1E2",dbo,"ComprasMediosPago","MonedaId",dbo,"Monedas","idMoneda"
"FK_ComprasMediosPago_ChequeId",dbo,"ComprasMediosPago",ChequeId,dbo,Cheques,idCheque
"FK_ComprasRemitos_ComprasRemitos",dbo,"ComprasRemitos","CompraId",dbo,"Compras",Id
"FK_ComprasRemitos_Remitos",dbo,"ComprasRemitos","RemitoId",dbo,"Remitos",Id
"FK__Conceptos__Cuent__5ED4ED8D",dbo,"ConceptosLiquidacionTarjetas","CuentaContableId",dbo,"CuentasContables","CuentasContablesId"
"fk_categoriaimpositiva",dbo,"ConceptosLiquidacionTarjetas","CategoriaImpositivaId",dbo,"CategoriasImpositivas",id
"FK_ConsultaOftalmologica_Cliente",dbo,"ConsultaOftalmologica","ClienteId",dbo,"Clientes","idCliente"
"FK_Conteo_DepositoId",dbo,"Conteo",DepositoId,dbo,Depositos,idDeposito
"FK_Conteo_SucursalId",dbo,"Conteo","SucursalId",dbo,"Sucursales",id
"FK_Conteo_UsuarioId",dbo,"Conteo","UsuarioId",dbo,"Usuarios","idUsuario"
"FK_ConteoDetalle_Conteo",dbo,"ConteoDetalle","ConteoId",dbo,"Conteo",Id
"FK_ConteoDetalle_Producto",dbo,"ConteoDetalle","ProductoId",dbo,"Productos","idProducto"
"FK_ConteoDetalle_UsuarioId",dbo,"ConteoDetalle","UsuarioId",dbo,"Usuarios","idUsuario"
"FK__CuentasBa__Banco__768C7B8D",dbo,"CuentasBancarias","BancoId",dbo,"Bancos",Id
"FK__cuentasba__idMon__1D7B6025",dbo,"CuentasBancarias","idMoneda",dbo,"Monedas","idMoneda"
"FK_CuentaContableId",dbo,"CuentasBancarias","CuentaContableId",dbo,"CuentasContables","CuentasContablesId"
"FK_CuentasBancarias_CuentaBancaria",dbo,"CuentasBancariasMovimientos","CuentaBancariaId",dbo,"CuentasBancarias","idCuenta"
"FK__CuentasCo__Moned__2E11BAA1",dbo,"CuentasContables","MonedaId",dbo,"Monedas","idMoneda"
"FK__Cupones__VentaId__34DEB3C1",dbo,"Cupones","VentaId",dbo,"Ventas",Id
"FK_Cupones_Clientes",dbo,"Cupones","ClienteId",dbo,"Clientes","idCliente"
"FK_VentaFacturadaId",dbo,"Cupones","VentaFacturadaId",dbo,"Ventas",Id
"FK__departame__idPai__276EDEB3",dbo,"Departamentos",idPais,dbo,Paises,idPais
"FK_Depositos_Sucursal",dbo,Depositos,"SucursalId",dbo,"Sucursales",id
"FK__documento__idCaj__6E01572D",dbo,"Documentos",idCaja,dbo,Cajas,idCaja
"FK__documento__idLis__3CF40B7E",dbo,"Documentos","idListaPrecio",dbo,"ListasPrecios",idLista
"FK__documento__idMon__6D0D32F4",dbo,"Documentos","idMoneda",dbo,"Monedas","idMoneda"
"FK__documento__idDoc__345EC57D",dbo,"DocumentosImputados","idDocumento",dbo,"Documentos","idDocumento"
"FK__documento__idDoc__4E1E9780",dbo,"DocumentosImputados","idDocumentoImputado",dbo,"Documentos","idDocumento"
"FK__documento__idDoc__70DDC3D8",dbo,"DocumentosLineas","idDocumento",dbo,"Documentos","idDocumento"
"FK__documento__idPro__71D1E811",dbo,"DocumentosLineas","idProducto",dbo,"Productos","idProducto"
"FK__EJERCICIO__Asien__38102627",dbo,"EJERCICIOS","AsientoIdInicio",dbo,"Asientos",Id
"FK__EJERCICIO__Asien__39044A60",dbo,"EJERCICIOS","AsientoIdCierre",dbo,"Asientos",Id
"FK_ejerecicios_resultado",dbo,"EJERCICIOS","AsientoIdResultado",dbo,"Asientos",Id
"FK_EnvioMensajesPreGuardados_Categoria",dbo,"EnvioMensajesPreGuardados","CategoriaId",dbo,"CategoriasProducto",idCat
"FK_EnvioMensajesPreGuardados_Departamento",dbo,"EnvioMensajesPreGuardados","DepartamentoId",dbo,"Departamentos","idDepartamento"
"FK_EnvioMensajesPreGuardados_Sucursal",dbo,"EnvioMensajesPreGuardados","SucursalId",dbo,"Sucursales",id
"FK__EnvioOrde__Labor__45BF2700",dbo,"EnvioOrdenTrabajoLaboratorio","LaboratorioId",dbo,"Laboratorio",Id
"FK__EnvioOrde__Orden__44CB02C7",dbo,"EnvioOrdenTrabajoLaboratorio","OrdenTrabajoId",dbo,"OrdenesTrabajo",Id
"FK_Eventos_ClienteId",dbo,"Eventos","ClienteId",dbo,"Clientes","idCliente"
"FK_Eventos_ClientesFechaPagoId",dbo,"Eventos","ClientesFechaCobroId",dbo,"ClientesFechaPago",Id
"FK_Eventos_OrdenesDescuentoTipoFechaFacturacion",dbo,"Eventos","OrdenesDescuentoTipoFechaFacturacionId",dbo,"OrdenesDescuentoTipoFechaFacturacion",Id
"FK_Eventos_OrdenesTrabajo",dbo,"Eventos","OrdenTrabajoId",dbo,"OrdenesTrabajo",Id
"FK_Eventos_Productos",dbo,"Eventos","ProductoId",dbo,"Productos","idProducto"
"FK_Eventos_ProveedoresFechaPago",dbo,"Eventos","ProveedoresFechaPagoId",dbo,"ProveedoresFechaPago",Id
"FK_Eventos_Sucursales",dbo,"Eventos","SucursalId",dbo,"Sucursales",id
"FK_EventosAgendaRoles_UsuariosRoles",dbo,"EventosAgendaRoles","IdRol",dbo,"UsuariosRoles","idRol"
"FK__EventosDo__Docto__3CDFC83C",dbo,"EventosDoctores","DoctorId",dbo,"Doctor",Id
"FK__EventosDo__Event__3BEBA403",dbo,"EventosDoctores","EventoId",dbo,"Eventos","EventoId"
"fk_MonedaId",dbo,"GiftCard","MonedaId",dbo,"Monedas","idMoneda"
"FK_Laboratorio_Proveedor",dbo,"Laboratorio","ProveedorId",dbo,"Proveedores","idProveedor"
"FK__Liquidaci__IdTar__2D3D91F9",dbo,"LiquidacionesTarjetas","IdTarjeta",dbo,MediosPago,idMedioPago
"FK_LiquidacionesTarjetas_Asientos",dbo,"LiquidacionesTarjetas","AsientoContableId",dbo,"Asientos",Id
"FK_LiquidacionesTarjetas_MonedaId",dbo,"LiquidacionesTarjetas","MonedaId",dbo,"Monedas","idMoneda"
"FK_LiquidacionTarjeta_Caja",dbo,"LiquidacionesTarjetas",CajaId,dbo,Cajas,idCaja
FK__Liquidaci__Liqui__4420F751,dbo,"LiquidacionesTarjetasLineas","idLiquidacion",dbo,"LiquidacionesTarjetas",Id
"FK_LiquidacionesTarjetasLineas_ConceptoId",dbo,"LiquidacionesTarjetasLineas","ConceptoId",dbo,"ConceptosLiquidacionTarjetas",Id
FK__Liquidaci__Liqui__4CB63D52,dbo,"LiquidacionesTarjetasMediosPago","idLiquidacion",dbo,"LiquidacionesTarjetas",Id
FK__Liquidaci__Medio__4DAA618B,dbo,"LiquidacionesTarjetasMediosPago",MedioPagoId,dbo,MediosPago,idMedioPago
"FK__Liquidaci__Moned__4E9E85C4",dbo,"LiquidacionesTarjetasMediosPago","MonedaId",dbo,"Monedas","idMoneda"
"FK_LIquidacionTarjetaMP_Cheque",dbo,"LiquidacionesTarjetasMediosPago",idCheque,dbo,Cheques,idCheque
"FK_LiquidacionTarjetaMP_CuentaBancariaId",dbo,"LiquidacionesTarjetasMediosPago","CuentaBancariaId",dbo,"CuentasBancarias","idCuenta"
"FK_LTMPL_LiquidacionesTarjetas",dbo,"LiquidacionesTarjetasMediosPagoLiquidados","LiquidacionesTarjetasId",dbo,"LiquidacionesTarjetas",Id
FK_LTMPL_MediosPago,dbo,"LiquidacionesTarjetasMediosPagoLiquidados",MedioPagoId,dbo,MediosPago,idMedioPago
"FK_LiquidacionesTarjetasVouchers_LiquidacionTarjeta",dbo,"LiquidacionesTarjetasVouchers","idLiquidacion",dbo,"LiquidacionesTarjetas",Id
"FK_ListaPrecios_MonedaId",dbo,"ListaPrecios","MonedaId",dbo,"Monedas","idMoneda"
"FK_ListaPrecioDetalle_ListaPrecios",dbo,"ListaPreciosDetalle","ListaPreciosId",dbo,"ListaPrecios",Id
"FK_ListaPrecioDetalle_Producto",dbo,"ListaPreciosDetalle","ProductoId",dbo,"Productos","idProducto"
"FK_MedioPago_CuentaContable",dbo,MediosPago,"CuentaContableId",dbo,"CuentasContables","CuentasContablesId"
fk_MedioPagoId,dbo,MediosPago,"ProveedorId",dbo,"Proveedores","idProveedor"
"FK_AgenteMedioPago",dbo,"MediosPagoAgenteMedioPago","AgenteMedioPagoId",dbo,"AgenteMedioPago",Id
FK_MediosPago,dbo,"MediosPagoAgenteMedioPago",MediosPagoId,dbo,MediosPago,idMedioPago
"FK__MensajesE__Clien__23B427BF",dbo,"MensajesEnviados","ClienteId",dbo,"Clientes","idCliente"
"FK_MensajesEnviados_Clientes",dbo,"MensajesEnviados","ClienteId",dbo,"Clientes","idCliente"
"FK_MensajesEnviados_SUCURSAL",dbo,"MensajesEnviados","SucursalId",dbo,"Sucursales",id
"FK_MensajesEnvioMasivoDetalle_MensajesEnviados",dbo,"MensajesEnvioMasivoDetalle","MensajeEnviadoId",dbo,"MensajesEnviados",Id
"FK_MensajesEnvioMasivoDetalle_MensajesEnvioMasivo",dbo,"MensajesEnvioMasivoDetalle","MensajeEnvioMasivoId",dbo,"MensajesEnvioMasivo",Id
"FK_Menu_Padre",dbo,"Menu","PadreId",dbo,"Menu",Id
"FK__monedasco__idMon__5CD6CB2B",dbo,"MonedasCotizaciones","idMoneda",dbo,"Monedas","idMoneda"
"FK__Movimient__Ajust__4F72AE6C",dbo,"MovimientoDepositos","AjusteStockEntradaId",dbo,AjusteStock,idAjuste
"FK__Movimient__Ajust__5066D2A5",dbo,"MovimientoDepositos",AjusteStockSalidaId,dbo,AjusteStock,idAjuste
"FK__Movimient__CajaI__15FA39EE",dbo,"MovimientosCajas",CajaId,dbo,Cajas,idCaja
"FK__Movimient__Conce__16EE5E27",dbo,"MovimientosCajas","ConceptoId",dbo,"MovimientosCajasConceptos",Id
"FK__Movimient__Moned__17E28260",dbo,"MovimientosCajas","MonedaId",dbo,"Monedas","idMoneda"
"FK_MovimientosCajas_Asiento",dbo,"MovimientosCajas","AsientoId",dbo,"Asientos",Id
"FK_MovimientosCajas_CuentaBancaria",dbo,"MovimientosCajas","CuentaBancariaId",dbo,"CuentasBancarias","idCuenta"
"FK_MovimientosCajasConceptos_CuentaContable",dbo,"MovimientosCajasConceptos","CuentasContablesId",dbo,"CuentasContables","CuentasContablesId"
"FK__Movimient__Medio__1D9B5BB6",dbo,"MovimientosCajasMediosPago",MedioPagoId,dbo,MediosPago,idMedioPago
"FK__Movimient__Moned__1E8F7FEF",dbo,"MovimientosCajasMediosPago","MonedaId",dbo,"Monedas","idMoneda"
"FK__Movimient__Movim__1F83A428",dbo,"MovimientosCajasMediosPago","MovimientoCajaId",dbo,"MovimientosCajas",Id
"FK_MovimientosCajasMediosPago_Cheque",dbo,"MovimientosCajasMediosPago",ChequeId,dbo,Cheques,idCheque
"FK__Notificac__idNot__7D98A078",dbo,"NotificacionesUsuario","idNotificacion",dbo,"Notificaciones",id
"FK__Notificac__idUsu__7CA47C3F",dbo,"NotificacionesUsuario","idUsuario",dbo,"Usuarios","idUsuario"
"FK_NumeracionDocumentos_SucursalId",dbo,"NumeracionDocumentos","SucursalId",dbo,"Sucursales",id
"FK__OrdenesDe__Produ__31A25463",dbo,"OrdenesDescuentoTipo","ProductoId",dbo,"Productos","idProducto"
"FK_ordenesdescuentotipo_Clientes",dbo,"OrdenesDescuentoTipo","ProveedorDeBeneficioId",dbo,"Clientes","idCliente"
"FK_OrdenesDescuentoTipo_MedioPago",dbo,"OrdenesDescuentoTipo",idMedioPago,dbo,MediosPago,idMedioPago
"FK_OrdenesDescuentoTipoCuentasBancarias_CuentaBancaria",dbo,"OrdenesDescuentoTipoCuentasBancarias","CuentaBancariaId",dbo,"CuentasBancarias","idCuenta"
"FK_OrdenesDescuentoTipoCuentasBancarias_OrdenesDescuentoTipo",dbo,"OrdenesDescuentoTipoCuentasBancarias","OrdenesDescuentoTipoId",dbo,"OrdenesDescuentoTipo",Id
"FK_OrdenesDescuentoTipoCuentasBancarias_Sucursal",dbo,"OrdenesDescuentoTipoCuentasBancarias","SucursalId",dbo,"Sucursales",id
"FK_OrdenDescuentoTipoFechaFacturacion_OrdenDescuentoTipo",dbo,"OrdenesDescuentoTipoFechaFacturacion","OrdenDescuentoTipoId",dbo,"OrdenesDescuentoTipo",Id
"FK_OrdenesECommerce_Cliente",dbo,"OrdenesECommerce","ClienteId",dbo,"Clientes","idCliente"
"FK_OrdenesECommerce_Estado",dbo,"OrdenesECommerce",EstadoId,dbo,"OrdenesECommerceEstado",Id
"FK_OrdenesECommerce_Moneda",dbo,"OrdenesECommerce","MonedaId",dbo,"Monedas","idMoneda"
"FK_OrdenesECommerce_Tipo",dbo,"OrdenesECommerce",TipoId,dbo,"OrdenesECommerceTipo",Id
"FK__OrdenesEC__Orden__01F40C98",dbo,"OrdenesECommerceDescuentos","OrdenesECommerceId",dbo,"OrdenesECommerce",Id
"FK_OrdenesECommerce_OrdenDescuentoTipoId",dbo,"OrdenesECommerceDescuentos","TipoOrdenDescuentoId",dbo,"OrdenesDescuentoTipo",Id
"FK_OrdenesECommerceDocumentosReferencia_OrdenesECommerce",dbo,"OrdenesECommerceDocumentosReferencia","OrdenEcommerceId",dbo,"OrdenesECommerce",Id
"FK_OrdenesECommerceDetalle_OrdenesECommerce",dbo,"OrdenesECommerceLineas","OrdenesECommerceId",dbo,"OrdenesECommerce",Id
"FK_OrdenesECommerceDetalle_Producto",dbo,"OrdenesECommerceLineas","ProductoId",dbo,"Productos","idProducto"
"FK_OrdenesECommerceRecetas_Orden",dbo,"OrdenesECommerceRecetas","OrdenesEcommerceId",dbo,"OrdenesECommerce",Id
"FK_OrdenesECommerceTipo_Vendedor",dbo,"OrdenesECommerceTipo","VendedorDefectoId",dbo,"Vendedores","idVendedor"
"FK__OrdenesTr__Docto__0DA4EB0F",dbo,"OrdenesTrabajo","DoctorId",dbo,"Doctor",Id
"FK__OrdenesTr__Moned__60924D76",dbo,"OrdenesTrabajo","MonedaId",dbo,"Monedas","idMoneda"
"FK__OrdenesTr__Orden__12349602",dbo,"OrdenesTrabajo","OrdenesTrabajoEtapasId",dbo,"OrdenesTrabajoEtapas","OrdenesTrabajoEtapasId"
"FK_CanalPromocionId_Ordentrabajo",dbo,"OrdenesTrabajo","CanalPromocionId",dbo,"CanalPromocion",Id
"FK_OdenesTrabajo_OrdenTrabajoGarantia",dbo,"OrdenesTrabajo","OrdenTrabajoGarantiaId",dbo,"OrdenesTrabajo",Id
"FK_OrdenesTrabajo_ClienteReferidoId",dbo,"OrdenesTrabajo","ClienteReferidoId",dbo,"Clientes","idCliente"
"FK_OrdenesTrabajo_Deposito",dbo,"OrdenesTrabajo",DepositoId,dbo,Depositos,idDeposito
"FK_OrdenesTrabajo_Laboratorio",dbo,"OrdenesTrabajo","LaboratorioId",dbo,"Laboratorio",Id
"FK_OrdenesTrabajo_ListaPreciosId",dbo,"OrdenesTrabajo","ListaPreciosId",dbo,"ListaPrecios",Id
"FK__OrdenesTrAccesorios__Impue",dbo,"OrdenesTrabajoAccesorios",ImpuestoId,dbo,Impuestos,id
"FK_OrdenesTrabajoAccesorios_OrdenesTrabajo",dbo,"OrdenesTrabajoAccesorios","OrdenTrabajoId",dbo,"OrdenesTrabajo",Id
"FK_OrdenesTrabajoAccesorios_Productos",dbo,"OrdenesTrabajoAccesorios","ProductoId",dbo,"Productos","idProducto"
"FK_ordenestrabajoarchivos_ClienteId",dbo,"OrdenesTrabajoArchivos","ClienteId",dbo,"Clientes","idCliente"
"FK_OrdenesTrabajoArchivos_OrdenesTrabajo",dbo,"OrdenesTrabajoArchivos","OrdenTrabajoId",dbo,"OrdenesTrabajo",Id
"FK__OrdenesTr__Crist__05CEBF1D",dbo,"OrdenesTrabajoArmazones","CristalOjoDerechoId",dbo,"Productos","idProducto"
"FK__OrdenesTr__Crist__06C2E356",dbo,"OrdenesTrabajoArmazones","CristalOjoIzquierdoId",dbo,"Productos","idProducto"
"FK__OrdenesTr__Impue__113584D1",dbo,"OrdenesTrabajoArmazones",ImpuestoId,dbo,Impuestos,id
"FK_OrdenesTrabajoArmazones_OrdenesTrabajo",dbo,"OrdenesTrabajoArmazones","OrdenTrabajoId",dbo,"OrdenesTrabajo",Id
"FK_OrdenesTrabajoArmazones_Productos",dbo,"OrdenesTrabajoArmazones","ArmazonId",dbo,"Productos","idProducto"
"FK__OrdenesTr__Impue__10416098",dbo,"OrdenesTrabajoCristales",ImpuestoId,dbo,Impuestos,id
"FK_OrdenesTrabajoCristales_OrdenesTrabajo",dbo,"OrdenesTrabajoCristales","OrdenTrabajoId",dbo,"OrdenesTrabajo",Id
"FK_OrdenesTrabajoCristales_Productos",dbo,"OrdenesTrabajoCristales","CristalId",dbo,"Productos","idProducto"
"FK_OrdenesTrabajoEstudios_Doctor",dbo,"OrdenesTrabajoEstudios","DoctorId",dbo,"Doctor",Id
"FK_OrdenesTrabajoEstudios_OrdenesTrabajo",dbo,"OrdenesTrabajoEstudios","OrdenTrabajoId",dbo,"OrdenesTrabajo",Id
"FK_OrdenesTrabajoEstudios_Producto",dbo,"OrdenesTrabajoEstudios","ProductoId",dbo,"Productos","idProducto"
"FK__OrdenesTr__Event__628582E0",dbo,"OrdenesTrabajoEtapas","EventosNotificacionesId",dbo,"EventosNotificaciones","EventosNotificacionesId"
"FK_OrdenesTrabajoEtapasHistorico_OrdenesTrabajo",dbo,"OrdenesTrabajoEtapasHistorico","OrdenTrabajoId",dbo,"OrdenesTrabajo",Id
"FK_OrdenesTrabajoEtapasHistorico_OrdenTrabajoEtapaAnterior",dbo,"OrdenesTrabajoEtapasHistorico","OrdenTrabajoEtapaAnteriorId",dbo,"OrdenesTrabajoEtapas","OrdenesTrabajoEtapasId"
"FK_OrdenesTrabajoEtapasHistorico_OrdenTrabajoEtapaNueva",dbo,"OrdenesTrabajoEtapasHistorico","OrdenTrabajoEtapaNuevaId",dbo,"OrdenesTrabajoEtapas","OrdenesTrabajoEtapasId"
"FK_OrdenesTrabajoEtapasHistorico_Usuario",dbo,"OrdenesTrabajoEtapasHistorico","UsuarioId",dbo,"Usuarios","idUsuario"
"FK_OrdenesTrabajoMediosPago_MediosPago",dbo,"OrdenesTrabajoMediosPago",MedioPagoId,dbo,MediosPago,idMedioPago
"FK_OrdenesTrabajoMediosPago_Monedas",dbo,"OrdenesTrabajoMediosPago","MonedaId",dbo,"Monedas","idMoneda"
"FK_OrdenesTrabajoMediosPago_OrdenesTrabajo",dbo,"OrdenesTrabajoMediosPago","OrdenTrabajoId",dbo,"OrdenesTrabajo",Id
"FK_OrdenesTrabajoOperaciones_OrdenesTrabajo",dbo,"OrdenesTrabajoOperaciones","OrdenTrabajoId",dbo,"OrdenesTrabajo",Id
"FK_OrdenesTrabajoOperaciones_Producto",dbo,"OrdenesTrabajoOperaciones","ProductoId",dbo,"Productos","idProducto"
"FK_OrdenesTrabajoOperacionesDoctores_Doctor",dbo,"OrdenesTrabajoOperacionesDoctores","DoctorId",dbo,"Doctor",Id
"FK_OrdenesTrabajoOperacionesDoctores_Operacion",dbo,"OrdenesTrabajoOperacionesDoctores","OrdenTrabajoOperacionId",dbo,"OrdenesTrabajoOperaciones",Id
"FK__OrdenesTr__Impue__3B2BBE9D",dbo,"OrdenesTrabajoOrdenesDescuento",ImpuestoId,dbo,Impuestos,id
"FK__OrdenesTr__Orden__3D14070F",dbo,"OrdenesTrabajoOrdenesDescuento","OrdenDescuentoTipoId",dbo,"OrdenesDescuentoTipo",Id
"FK_OrdenesTrabajoOrdenesDescuento_OrdenesTrabajo",dbo,"OrdenesTrabajoOrdenesDescuento","OrdenTrabajoId",dbo,"OrdenesTrabajo",Id
"FK_VentaFacturaId",dbo,"OrdenesTrabajoOrdenesDescuento","VentaFacturaId",dbo,"Ventas",Id
"FK__OrdenesTr__Impue__0F4D3C5F",dbo,"OrdenesTrabajoProductos",ImpuestoId,dbo,Impuestos,id
"FK_OrdenesTrabajoProductos_OrdenesTrabajo",dbo,"OrdenesTrabajoProductos","OrdenTrabajoId",dbo,"OrdenesTrabajo",Id
"FK_OrdenesTrabajoProductos_Productos",dbo,"OrdenesTrabajoProductos","ProductoId",dbo,"Productos","idProducto"
"FK_OrdenesTrabajoReceta_ConsultaOftalmologica",dbo,"OrdenesTrabajoReceta","ConsultaOftalmologicaId",dbo,"ConsultaOftalmologica",Id
"FK_OrdenesTrabajoReceta_OrdenesTrabajo",dbo,"OrdenesTrabajoReceta","OrdenTrabajoId",dbo,"OrdenesTrabajo",Id
"FK_OrdenesTrabajoTratamientos_Doctor",dbo,"OrdenesTrabajoTratamientos","DoctorId",dbo,"Doctor",Id
"FK_OrdenesTrabajoTratamientos_OrdenesTrabajo",dbo,"OrdenesTrabajoTratamientos","OrdenTrabajoId",dbo,"OrdenesTrabajo",Id
"FK_OrdenesTrabajoTratamientos_Producto",dbo,"OrdenesTrabajoTratamientos","ProductoId",dbo,"Productos","idProducto"
"FK_OrdenTrabajoCupones_CuponId",dbo,"OrdentrabajoCupones","CuponId",dbo,"Cupones","IdCupon"
"FK_OrdenTrabajoCupones_OrdenTrabajoId",dbo,"OrdentrabajoCupones","OrdenTrabajoId",dbo,"OrdenesTrabajo",Id
FK__Pagos__CajaId__47C69FAC,dbo,Pagos,CajaId,dbo,Cajas,idCaja
"FK__Pagos__MonedaId__46D27B73",dbo,Pagos,"MonedaId",dbo,"Monedas","idMoneda"
"FK_Pagos_AsientoContable",dbo,Pagos,"AsientoContableId",dbo,"Asientos",Id
"FK_Pagos_Usuario",dbo,Pagos,"UsuarioId",dbo,"Usuarios","idUsuario"
"FK__PagosComp__Compr__4F67C174",dbo,"PagosCompras","CompraId",dbo,"Compras",Id
FK__PagosComp__PagoI__4E739D3B,dbo,"PagosCompras",PagoId,dbo,Pagos,Id
FK__PagosMedi__Medio__4B973090,dbo,PagosMediosPago,MedioPagoId,dbo,MediosPago,idMedioPago
"FK__PagosMedi__Moned__4C8B54C9",dbo,PagosMediosPago,"MonedaId",dbo,"Monedas","idMoneda"
FK__PagosMedi__PagoI__4AA30C57,dbo,PagosMediosPago,PagoId,dbo,Pagos,Id
FK_PagosMedioPago_ChequeId,dbo,PagosMediosPago,ChequeId,dbo,Cheques,idCheque
"FK_PagosMedioPago_CuentaBancariaId",dbo,PagosMediosPago,"CuentaBancariaId",dbo,"CuentasBancarias","idCuenta"
"FK_PagosMediosPago_Resguardo",dbo,PagosMediosPago,"ResguardoId",dbo,"Resguardos","idResguardo"
"FK__Parametro__Sucur__3A779186",dbo,"ParametrosSucursales","SucursalId",dbo,"Sucursales",id
FK__Pedidos__Deposit__0F8D3381,dbo,Pedidos,DepositoId,dbo,Depositos,idDeposito
"FK__Pedidos__MonedaI__587208C1",dbo,Pedidos,"MonedaId",dbo,"Monedas","idMoneda"
"FK_Pedidos_ListaPreciosId",dbo,Pedidos,"ListaPreciosId",dbo,"ListaPrecios",Id
"FK_Pedidos_Venta",dbo,Pedidos,"VentaId",dbo,"Ventas",Id
FK__PedidosDe__IdPed__455F344D,dbo,"PedidosLineas",IdPedido,dbo,Pedidos,Id
"FK__PedidosDe__IdPro__46535886",dbo,"PedidosLineas","IdProducto",dbo,"Productos","idProducto"
"FK_PosTransacciones_Cajas",dbo,"PosTransacciones",CajaId,dbo,Cajas,idCaja
"FK_PosTransacciones_MediosPago",dbo,"PosTransacciones",MedioPagoId,dbo,MediosPago,idMedioPago
"FK_PosTransacciones_Monedas",dbo,"PosTransacciones","MonedaId",dbo,"Monedas","idMoneda"
"FK__ProductoC__Categ__2AD6269A",dbo,"ProductoCategoriaCodigoProveedor","CategoriaId",dbo,"CategoriasProducto",idCat
"FK__ProductoC__Prove__2BCA4AD3",dbo,"ProductoCategoriaCodigoProveedor","ProveedorId",dbo,"Proveedores","idProveedor"
"FK__ProductoF__Forma__20589827",dbo,"ProductoFormaCodigoProveedor","FormaId",dbo,"ProductosForma",Id
"FK__ProductoF__Prove__214CBC60",dbo,"ProductoFormaCodigoProveedor","ProveedorId",dbo,"Proveedores","idProveedor"
"FK__productos__idCat__6383C8BA",dbo,"Productos","idCatProd",dbo,"CategoriasProducto",idCat
"FK__productos__idCat__656C112C",dbo,"Productos",idCatImp,dbo,"CategoriasImpositivas",id
"FK__productos__idMon__6477ECF3",dbo,"Productos","idMonedaPrecio",dbo,"Monedas","idMoneda"
"FK_Productos_CategoriaImpositivaCompra",dbo,"Productos","idCatImpCompra",dbo,"CategoriasImpositivas",id
"FK_Productos_Color",dbo,"Productos","ColorId",dbo,"ProductosColor",Id
"FK_Productos_Color_Cristal",dbo,"Productos","ColorCristalId",dbo,"ProductosColorCristal",Id
"FK_Productos_CuentasContables",dbo,"Productos","CuentaContableId",dbo,"CuentasContables","CuentasContablesId"
"FK_Productos_Estilo",dbo,"Productos",EstiloId,dbo,"ProductosEstilo",Id
"FK_Productos_Forma",dbo,"Productos","FormaId",dbo,"ProductosForma",Id
"FK_Productos_Marca",dbo,"Productos","MarcaId",dbo,"Marca",Id
"FK_Productos_Material",dbo,"Productos","MaterialId",dbo,"ProductosMaterial",Id
"FK_Productos_ProductoPadre",dbo,"Productos","ProductoPadreId",dbo,"Productos","idProducto"
"FK_Productos_ProductosFamilia",dbo,"Productos",FamiliaId,dbo,"ProductosFamilia",Id
"FK_Productos_ProductosGeneros",dbo,"Productos","GeneroId",dbo,"ProductosGeneros",Id
"FK_Productos_Proveedor",dbo,"Productos","ProveedorId",dbo,"Proveedores","idProveedor"
"FK__Productos__idPro__0E04126B",dbo,"ProductosCodigos","idProducto",dbo,"Productos","idProducto"
"PK_ProductoFamilia_FamiliaPadreId",dbo,"ProductosFamilia","FamiliaPadreId",dbo,"ProductosFamilia",Id
"FK__Productos__Produ__24BD5A91",dbo,"ProductosImagenes","ProductoId",dbo,"Productos","idProducto"
"FK__Productos__Produ__23942C2E",dbo,"ProductosProveedor","ProductoId",dbo,"Productos","idProducto"
"FK__Productos__Prove__22A007F5",dbo,"ProductosProveedor","ProveedorId",dbo,"Proveedores","idProveedor"
"FK_Promociones_Sucursal",dbo,"Promociones","SucursalId",dbo,"Sucursales",id
"FK__Proveedor__CatFi__73A521EA",dbo,"Proveedores",CatFiscalCodigo,dbo,"CategoriasFiscales",Codigo
"FK__Proveedor__idCat__72B0FDB1",dbo,"Proveedores",idCat,dbo,"CategoriasProveedor",idCat
"FK__Proveedor__idCiu__71BCD978",dbo,"Proveedores",idCiudad,dbo,Ciudades,idCiudad
"FK__Proveedor__idDep__70C8B53F",dbo,"Proveedores","idDepartamento",dbo,"Departamentos","idDepartamento"
"FK__Proveedor__idPai__6FD49106",dbo,"Proveedores",idPais,dbo,Paises,idPais
"FK__Proveedor__idTip__6EE06CCD",dbo,"Proveedores",idTipoDocId,dbo,TipoDocId,idTipoDocId
"FK_ProveedoresConciliaciones_Proveedores",dbo,"ProveedoresConciliaciones","ProveedorId",dbo,"Proveedores","idProveedor"
"FK_ProveedoresConciliaciones_Sucursal",dbo,"ProveedoresConciliaciones","SucursalId",dbo,"Sucursales",id
"FK_ProveedoresFechaPago_Proveedores",dbo,"ProveedoresFechaPago","ProveedorId",dbo,"Proveedores","idProveedor"
"FK_ProveedoresIntegraciones_ProveedorId",dbo,"ProveedoresIntegraciones","ProveedorId",dbo,"Proveedores","idProveedor"
"FK_ProveedoresIntegracionesConfiguracion_ProveedoresIntegracionesId",dbo,"ProveedoresIntegracionesConfiguracion","ProveedoresIntegracionesId",dbo,"ProveedoresIntegraciones",Id
"FK_ReferidosMovimientos_ClienteId",dbo,"ReferidosMovimientos","ClienteId",dbo,"Clientes","idCliente"
"FK_ReferidosMovimientos_Cupon",dbo,"ReferidosMovimientos","CuponGeneradoId",dbo,"Cupones","IdCupon"
"FK_ReferidosMovimientos_Venta",dbo,"ReferidosMovimientos","VentaOrigenId",dbo,"Ventas",Id
"FK_RelRolesMenu_Menu",dbo,"RelRolesMenu","MenuId",dbo,"Menu",Id
"FK_RelRolesMenu_Rol",dbo,"RelRolesMenu","RolId",dbo,"UsuariosRoles","idRol"
"FK__Remitos__Cliente__7C7A5F0D",dbo,"Remitos","ClienteId",dbo,"Clientes","idCliente"
"FK__Remitos__Deposit__0CB0C6D6",dbo,"Remitos",DepositoId,dbo,Depositos,idDeposito
"FK__Remitos__RemitoA__013F142A",dbo,"Remitos","RemitoAnuladoId",dbo,"Remitos",Id
"FK__Remitos__VentaId__07B7078F",dbo,"Remitos","VentaId",dbo,"Ventas",Id
"FK_Remito_Sucursales",dbo,"Remitos","SucursalId",dbo,"Sucursales",id
"FK_Remito_SucursalesD",dbo,"Remitos","SucursalDestinoId",dbo,"Sucursales",id
"FK_Remitos_ClienteSucursalId",dbo,"Remitos","ClienteSucursalId",dbo,"ClienteSucursales","ClienteSucursalId"
"FK_Remitos_DepositoDestino",dbo,"Remitos","DepositoDestinoId",dbo,Depositos,idDeposito
"FK_Remitos_Proveedores",dbo,"Remitos","ProveedorId",dbo,"Proveedores","idProveedor"
"FK__RemitosLi__Pedid__11757BF3",dbo,"RemitosLineas",PedidoId,dbo,Pedidos,Id
"FK_RemitosLineas_Productos",dbo,"RemitosLineas","ProductoId",dbo,"Productos","idProducto"
"FK_RemitosLineas_Remitos",dbo,"RemitosLineas","RemitoId",dbo,"Remitos",Id
"FK_RemitosLineas_RemitosLineasFacturadas",dbo,"RemitosLineasFacturadas","RemitoLineaId",dbo,"RemitosLineas",Id
"FK_RemitosLineasAnuladora",dbo,"RemitosLineasFacturadas","RemitoLineaAnuladoraId",dbo,"RemitosLineas",Id
"FK_VentasLineas_RemitosLineasFacturadas",dbo,"RemitosLineasFacturadas","VentaLineaId",dbo,"VentasLineas",Id
"FK__resguardo__idCaj__2EA5EC27",dbo,"Resguardos",idCaja,dbo,Cajas,idCaja
"FK__resguardo__idMon__10216507",dbo,"Resguardos","idMoneda",dbo,"Monedas","idMoneda"
"FK__resguardo__idCon__16CE6296",dbo,"ResguardosLineas","idConceptoResguardo",dbo,"ResguardoConceptos","idConceptoResguardo"
"FK__resguardo__idRes__14E61A24",dbo,"ResguardosLineas","idResguardo",dbo,"Resguardos","idResguardo"
"FK_RolesPermisos_Permiso",dbo,"RolesPermisos","PermisoId",dbo,"Permisos",Id
"FK_RolesPermisos_Rol",dbo,"RolesPermisos","RolId",dbo,"UsuariosRoles","idRol"
"FK_Sucursales_Supervisor",dbo,"Sucursales","SupervisorId",dbo,"Vendedores","idVendedor"
"FK_TarjetaComisionMedioPagoId",dbo,"TarjetaComisionCalendario","TarjetaComisionMedioPagoId",dbo,"TarjetaComisionMedioPago",Id
"FK_TarjetaComisionCuota_CuentaBancaria",dbo,"TarjetaComisionCuota","CuentaBancariaId",dbo,"CuentasBancarias","idCuenta"
"FK_TarjetaComisionCuota_MedioPago",dbo,"TarjetaComisionCuota",MedioPagoId,dbo,MediosPago,idMedioPago
"FK_TarjetaComisionCuota_TarjetaComisionMedioPago",dbo,"TarjetaComisionCuota","TarjetaComisionMedioPagoId",dbo,"TarjetaComisionMedioPago",Id
"FK_TarjetaComisionMedioPago_BancoEmiteId",dbo,"TarjetaComisionMedioPago","BancoEmiteId",dbo,"Bancos",Id
"FK_TarjetaComisionMedioPago_MedioPagoGeneraId",dbo,"TarjetaComisionMedioPago","MedioPagoGeneraId",dbo,MediosPago,idMedioPago
"FK_TarjetaComisionMedioPago_MonedaId",dbo,"TarjetaComisionMedioPago","MonedaId",dbo,"Monedas","idMoneda"
"FK_TarjetaComisionMediosPago_MedioPagoId",dbo,"TarjetaComisionMediosPago",MedioPagoId,dbo,MediosPago,idMedioPago
"FK_TarjetaComisionMediosPago_TarjetaComisionMedioPagoId",dbo,"TarjetaComisionMediosPago","TarjetaComisionMedioPagoId",dbo,"TarjetaComisionMedioPago",Id
"FK_TarjetaComisionMediosPago_TarjetaComisionMedioPagoId	TarjetaComisionMedioPagoId	dbo	TarjetaComisionMedioPago	Id
",dbo,"TarjetaComisionSucursal","TarjetaComisionMedioPagoId",dbo,"TarjetaComisionMedioPago",Id
"FK_TarjetaComisionSucursal_SucursalId",dbo,"TarjetaComisionSucursal","SucursalId",dbo,"Sucursales",id
"FK_TerminalesPos_ProveedoresIntegracionesId",dbo,"TerminalesPos","ProveedoresIntegracionesId",dbo,"ProveedoresIntegraciones",Id
"FK_TerminalesPosConfiguracion_TerminalesPos",dbo,"TerminalesPosConfiguracion","TerminalesPosId",dbo,"TerminalesPos",Id
FK__TiposComp__TipoI__455512AC,dbo,TiposCompatibles,TipoId,dbo,"CategoriasProducto",idCat
FK__TiposComp__TipoV__464936E5,dbo,TiposCompatibles,"TipoVarianteId",dbo,"CategoriasProducto",idCat
"FK__usuarios__idRol__05D8E0BE",dbo,"Usuarios","idRol",dbo,"UsuariosRoles","idRol"
"FK__Usuarios__Usuari__63E3BB6D",dbo,"Usuarios","UsuarioShopId",dbo,"ClientesUsuarios",Id
"FK_Usuario_Vendedor",dbo,"Usuarios","VendedorId",dbo,"Vendedores","idVendedor"
"FK_Usuarios_Cajas",dbo,"Usuarios",CajaId,dbo,Cajas,idCaja
"FK__vendedore__Sucur__1DA648AE",dbo,"Vendedores","SucursalId",dbo,"Sucursales",id
"FK_Vendedores_RolesId",dbo,"Vendedores","VendedorRolId",dbo,"VendedoresRoles",Id
"FK_VendedoresRolesComision_MonedaId",dbo,"VendedoresRolesComision","MonedaId",dbo,"Monedas","idMoneda"
"FK_VendedoresRolesComision_VendedoresRolesId",dbo,"VendedoresRolesComision","VendedoresRolesId",dbo,"VendedoresRoles",Id
"FK__VentaOrde__Orden__5BCD9859",dbo,"VentaOrdenesTrabajo","OrdenTrabajoId",dbo,"OrdenesTrabajo",Id
"FK__VentaOrde__Venta__5AD97420",dbo,"VentaOrdenesTrabajo","VentaId",dbo,"Ventas",Id
"FK__venta__idMon__6D0D32F4",dbo,"Ventas","MonedaId",dbo,"Monedas","idMoneda"
"FK__Ventas__CajaId__4DB4832C",dbo,"Ventas",CajaId,dbo,Cajas,idCaja
"FK__Ventas__Deposito__0BBCA29D",dbo,"Ventas",DepositoId,dbo,Depositos,idDeposito
"FK_CanalPromocionId_Venta",dbo,"Ventas","CanalPromocionId",dbo,"CanalPromocion",Id
"FK_Ventas_AsientoContable",dbo,"Ventas","AsientoContableId",dbo,"Asientos",Id
"FK_Ventas_Cliente",dbo,"Ventas","ClienteId",dbo,"Clientes","idCliente"
"FK_Ventas_ClienteOriginal",dbo,"Ventas","ClienteOriginalId",dbo,"Clientes","idCliente"
"FK_Ventas_ClienteReferido",dbo,"Ventas","ClienteReferidoId",dbo,"Clientes","idCliente"
"FK_Ventas_ClienteSucursalId",dbo,"Ventas","ClienteSucursalId",dbo,"ClienteSucursales","ClienteSucursalId"
"FK_Ventas_Convenio",dbo,"Ventas","ConvenioId",dbo,"Convenios",Id
"FK_Ventas_ListaPrecios",dbo,"Ventas","ListaPreciosId",dbo,"ListaPrecios",Id
"FK_Ventas_Sucursales",dbo,"Ventas","SucursalId",dbo,"Sucursales",id
"FK_VentasNC_Factura",dbo,"Ventas","VentaFacturaId",dbo,"Ventas",Id
"FK_VentasCfeInfo",dbo,"VentasCfeInfo","VentaId",dbo,"Ventas",Id
"FK__VentasEnv__Venta__7DEDA633",dbo,"VentasEnviosPendientes","VentaId",dbo,"Ventas",Id
"FK__venta__idPro__71D1E811",dbo,"VentasLineas","ProductoId",dbo,"Productos","idProducto"
"FK__VentasLin__Impue__2354350C",dbo,"VentasLineas",ImpuestoId,dbo,Impuestos,id
"FK__VentasLin__Venta__51851410",dbo,"VentasLineas","VentaId",dbo,"Ventas",Id
"FK_VentasMediosPago_CuentaBancariaId",dbo,"VentasMediosPago","CuentaBancariaId",dbo,"CuentasBancarias","idCuenta"
"FK_VentasNotificadasShopping_Venta",dbo,"VentasNotificadasShopping","VentaId",dbo,"Ventas",Id
"FK_VentasSaldosMovimientos_VentaImpactada",dbo,"VentasSaldosMovimientos","VentaImpactadaId",dbo,"Ventas",Id
"FK_VentasSaldosMovimientos_VentaOrigen",dbo,"VentasSaldosMovimientos","VentaOrigenId",dbo,"Ventas",Id
"FK_Sucursal",dbo,"WhatsappConfiguracionTenantSucursal","SucursalId",dbo,"Sucursales",id
